{
    "loss": 16.30297088623047,
    "accuracy": 0.5035971403121948
}